id,title,category,original_length,reference_summary,reference_length,latency,success,error
doc_11_30,"Seleção para o Clube de Pesquisadores Mirins acontece até esta sexta-feira,  no Campus de Pesquisa do Museu Goeldi",Educação,3613,,0,0,False,An error occurred (ValidationException) when calling the InvokeModel operation: Invocation of model ID anthropic.claude-haiku-4-5-20251001-v1:0 with on-demand throughput isn’t supported. Retry your request with the ID or ARN of an inference profile that contains this model.
doc_07_00_syn_extract_middle_6529,Heróis da Pátria são reconhecidos durante 7a edição do Rede Capoeira em Cachoeira (BA),"Cultura, Artes e Patrimônio",434,,0,0,False,An error occurred (ValidationException) when calling the InvokeModel operation: Invocation of model ID anthropic.claude-haiku-4-5-20251001-v1:0 with on-demand throughput isn’t supported. Retry your request with the ID or ARN of an inference profile that contains this model.
doc_13_07_syn_extract_middle_5345,Justiça suspende decisão do TCE-MG e garante teto nacional dos exames da CNH do Brasil,Economia e Finanças,189,,0,0,False,An error occurred (ValidationException) when calling the InvokeModel operation: Invocation of model ID anthropic.claude-haiku-4-5-20251001-v1:0 with on-demand throughput isn’t supported. Retry your request with the ID or ARN of an inference profile that contains this model.
doc_03_00,Programa Abdias Nascimento: CAPES publica edital de renovação de projetos para 2026,Educação,3265,,0,0,False,An error occurred (ValidationException) when calling the InvokeModel operation: Invocation of model ID anthropic.claude-haiku-4-5-20251001-v1:0 with on-demand throughput isn’t supported. Retry your request with the ID or ARN of an inference profile that contains this model.
doc_13_05_syn_extract_middle_7232,"Setor aquaviário brasileiro movimentou, em 2025, 1,4 bi de toneladas",Economia e Finanças,304,,0,0,False,An error occurred (ValidationException) when calling the InvokeModel operation: Invocation of model ID anthropic.claude-haiku-4-5-20251001-v1:0 with on-demand throughput isn’t supported. Retry your request with the ID or ARN of an inference profile that contains this model.
doc_05_23,MCTI lança programa Mais Ciência na Escola no Acre,"Ciência, Tecnologia e Inovação",4408,,0,0,False,An error occurred (ValidationException) when calling the InvokeModel operation: Invocation of model ID anthropic.claude-haiku-4-5-20251001-v1:0 with on-demand throughput isn’t supported. Retry your request with the ID or ARN of an inference profile that contains this model.
doc_15_47_syn_short_9423,Ministério da Saúde e Ipea debatem Índice de Vulnerabilidade Social e Ambiental para o SUS,Saúde,743,,0,0,False,An error occurred (ValidationException) when calling the InvokeModel operation: Invocation of model ID anthropic.claude-haiku-4-5-20251001-v1:0 with on-demand throughput isn’t supported. Retry your request with the ID or ARN of an inference profile that contains this model.
doc_13_30_syn_short_8434,Governo do Brasil anuncia hub internacional no Galeão e reforça papel do turismo na geração de empregos,Turismo,1209,,0,0,False,An error occurred (ValidationException) when calling the InvokeModel operation: Invocation of model ID anthropic.claude-haiku-4-5-20251001-v1:0 with on-demand throughput isn’t supported. Retry your request with the ID or ARN of an inference profile that contains this model.
doc_15_45_syn_extract_first_9856,"Com mais de 90% do território suscetível à desertificação, Pernambuco recebe seminários sobre o tema a partir de 23 de março",Meio Ambiente e Sustentabilidade,504,,0,0,False,An error occurred (ValidationException) when calling the InvokeModel operation: Invocation of model ID anthropic.claude-haiku-4-5-20251001-v1:0 with on-demand throughput isn’t supported. Retry your request with the ID or ARN of an inference profile that contains this model.
doc_11_39_syn_extract_first_6344,Últimos dias para aderir ao Compromisso Nacional Toda Matemática,Educação,426,,0,0,False,An error occurred (ValidationException) when calling the InvokeModel operation: Invocation of model ID anthropic.claude-haiku-4-5-20251001-v1:0 with on-demand throughput isn’t supported. Retry your request with the ID or ARN of an inference profile that contains this model.
doc_19_15_syn_short_9565,MDHC celebra publicação de decreto que reforça combate global ao trabalho escravo,Trabalho e Emprego,1273,,0,0,False,An error occurred (ValidationException) when calling the InvokeModel operation: Invocation of model ID anthropic.claude-haiku-4-5-20251001-v1:0 with on-demand throughput isn’t supported. Retry your request with the ID or ARN of an inference profile that contains this model.
doc_19_16,MIDR aprova primeiro plano de trabalho para assistência humanitária em Paraty,Desenvolvimento Social,5325,,0,0,False,An error occurred (ValidationException) when calling the InvokeModel operation: Invocation of model ID anthropic.claude-haiku-4-5-20251001-v1:0 with on-demand throughput isn’t supported. Retry your request with the ID or ARN of an inference profile that contains this model.
doc_19_45,Receita participa de conferência sobre lavagem de dinheiro e criptoativos na Cidade do México,Economia e Finanças,3478,,0,0,False,An error occurred (ValidationException) when calling the InvokeModel operation: Invocation of model ID anthropic.claude-haiku-4-5-20251001-v1:0 with on-demand throughput isn’t supported. Retry your request with the ID or ARN of an inference profile that contains this model.
doc_15_20_syn_extract_middle_5033,Mais Inovação Brasil abre novo edital para impulsionar energia limpa e tecnologias no País,"Ciência, Tecnologia e Inovação",373,,0,0,False,An error occurred (ValidationException) when calling the InvokeModel operation: Invocation of model ID anthropic.claude-haiku-4-5-20251001-v1:0 with on-demand throughput isn’t supported. Retry your request with the ID or ARN of an inference profile that contains this model.
doc_13_13,Governos do Brasil e de Minas Gerais dão partida ao projeto de concessão de saneamento na Bacia do Rio Doce,Meio Ambiente e Sustentabilidade,4358,,0,0,False,An error occurred (ValidationException) when calling the InvokeModel operation: Invocation of model ID anthropic.claude-haiku-4-5-20251001-v1:0 with on-demand throughput isn’t supported. Retry your request with the ID or ARN of an inference profile that contains this model.
doc_09_01_syn_short_9779,Ano de 2025 encerra com número recorde de regulados pela CVM,Economia e Finanças,1091,,0,0,False,An error occurred (ValidationException) when calling the InvokeModel operation: Invocation of model ID anthropic.claude-haiku-4-5-20251001-v1:0 with on-demand throughput isn’t supported. Retry your request with the ID or ARN of an inference profile that contains this model.
doc_07_12_syn_extract_middle_7735,MinC convoca candidaturas suplentes do Edital Sérgio Mamberti para assumir vagas remanescentes,Economia e Finanças,809,,0,0,False,An error occurred (ValidationException) when calling the InvokeModel operation: Invocation of model ID anthropic.claude-haiku-4-5-20251001-v1:0 with on-demand throughput isn’t supported. Retry your request with the ID or ARN of an inference profile that contains this model.
doc_03_25_syn_extract_middle_2124,Políticas do MDA impulsionam produtividade e valorizam as mulheres do campo,"Agricultura, Pecuária e Abastecimento",349,,0,0,False,An error occurred (ValidationException) when calling the InvokeModel operation: Invocation of model ID anthropic.claude-haiku-4-5-20251001-v1:0 with on-demand throughput isn’t supported. Retry your request with the ID or ARN of an inference profile that contains this model.
doc_17_14_syn_extract_middle_5272,Alckmin e Padilha aplicam primeiras doses da vacina contra a dengue fabricada no Brasil,Saúde,267,,0,0,False,An error occurred (ValidationException) when calling the InvokeModel operation: Invocation of model ID anthropic.claude-haiku-4-5-20251001-v1:0 with on-demand throughput isn’t supported. Retry your request with the ID or ARN of an inference profile that contains this model.
doc_19_05_syn_extract_middle_6325,Regiões Nordeste e Sul são monitoradas pelo MIDR após previsão de chuvas intensas,Meio Ambiente e Sustentabilidade,421,,0,0,False,An error occurred (ValidationException) when calling the InvokeModel operation: Invocation of model ID anthropic.claude-haiku-4-5-20251001-v1:0 with on-demand throughput isn’t supported. Retry your request with the ID or ARN of an inference profile that contains this model.
doc_17_08_syn_short_8119,Novo Acordo do Rio Doce promove avanços na reparação aos atingidos,Meio Ambiente e Sustentabilidade,1769,,0,0,False,An error occurred (ValidationException) when calling the InvokeModel operation: Invocation of model ID anthropic.claude-haiku-4-5-20251001-v1:0 with on-demand throughput isn’t supported. Retry your request with the ID or ARN of an inference profile that contains this model.
doc_17_36,Gestores de saúde de Angola visitam Faculdade de Medicina da USP em agenda de cooperação com o Brasil,Saúde,5487,,0,0,False,An error occurred (ValidationException) when calling the InvokeModel operation: Invocation of model ID anthropic.claude-haiku-4-5-20251001-v1:0 with on-demand throughput isn’t supported. Retry your request with the ID or ARN of an inference profile that contains this model.
doc_03_00_syn_extract_middle_5616,Programa Abdias Nascimento: CAPES publica edital de renovação de projetos para 2026,Educação,478,,0,0,False,An error occurred (ValidationException) when calling the InvokeModel operation: Invocation of model ID anthropic.claude-haiku-4-5-20251001-v1:0 with on-demand throughput isn’t supported. Retry your request with the ID or ARN of an inference profile that contains this model.
doc_07_02_syn_short_4566,"Rumo à 6ª Teia Nacional, Mato Grosso do Sul realiza encontro estadual da rede dos pontos de cultura","Cultura, Artes e Patrimônio",1771,,0,0,False,An error occurred (ValidationException) when calling the InvokeModel operation: Invocation of model ID anthropic.claude-haiku-4-5-20251001-v1:0 with on-demand throughput isn’t supported. Retry your request with the ID or ARN of an inference profile that contains this model.
doc_19_38,ABIN contribui para a Operação Shadowgun,Segurança Pública,1958,,0,0,False,An error occurred (ValidationException) when calling the InvokeModel operation: Invocation of model ID anthropic.claude-haiku-4-5-20251001-v1:0 with on-demand throughput isn’t supported. Retry your request with the ID or ARN of an inference profile that contains this model.
doc_13_21,Companhias aéreas suspendem voos para Oriente Médio,Transporte e Infraestrutura,3162,,0,0,False,An error occurred (ValidationException) when calling the InvokeModel operation: Invocation of model ID anthropic.claude-haiku-4-5-20251001-v1:0 with on-demand throughput isn’t supported. Retry your request with the ID or ARN of an inference profile that contains this model.
doc_11_23_syn_short_3591,Presidente do FNDE debate educação inclusiva na Câmara dos Deputados,Educação,1739,,0,0,False,An error occurred (ValidationException) when calling the InvokeModel operation: Invocation of model ID anthropic.claude-haiku-4-5-20251001-v1:0 with on-demand throughput isn’t supported. Retry your request with the ID or ARN of an inference profile that contains this model.
doc_03_41_syn_short_7065,Encontro Nacional das Periferias reúne representantes de favelas de todo o país,Desenvolvimento Social,1553,,0,0,False,An error occurred (ValidationException) when calling the InvokeModel operation: Invocation of model ID anthropic.claude-haiku-4-5-20251001-v1:0 with on-demand throughput isn’t supported. Retry your request with the ID or ARN of an inference profile that contains this model.
doc_03_29_syn_short_4593,Mulheres rurais: transformando lutas em conquistas,"Agricultura, Pecuária e Abastecimento",1644,,0,0,False,An error occurred (ValidationException) when calling the InvokeModel operation: Invocation of model ID anthropic.claude-haiku-4-5-20251001-v1:0 with on-demand throughput isn’t supported. Retry your request with the ID or ARN of an inference profile that contains this model.
doc_15_07_syn_extract_middle_7046,ICMBio e órgãos estaduais de meio ambiente realizam a 1ª Oficina de Integração com Foco na Conservação de Insetos Polinizadores,Meio Ambiente e Sustentabilidade,557,,0,0,False,An error occurred (ValidationException) when calling the InvokeModel operation: Invocation of model ID anthropic.claude-haiku-4-5-20251001-v1:0 with on-demand throughput isn’t supported. Retry your request with the ID or ARN of an inference profile that contains this model.
doc_11_13_syn_short_1964,Olimpíadas Nucleares da América Latina abrem inscrições para a edição 2026,"Ciência, Tecnologia e Inovação",1445,,0,0,False,An error occurred (ValidationException) when calling the InvokeModel operation: Invocation of model ID anthropic.claude-haiku-4-5-20251001-v1:0 with on-demand throughput isn’t supported. Retry your request with the ID or ARN of an inference profile that contains this model.
doc_07_24_syn_extract_middle_4733,Mulheres que transformam,Desenvolvimento Social,754,,0,0,False,An error occurred (ValidationException) when calling the InvokeModel operation: Invocation of model ID anthropic.claude-haiku-4-5-20251001-v1:0 with on-demand throughput isn’t supported. Retry your request with the ID or ARN of an inference profile that contains this model.
doc_07_11,"Integrando o marco de seus 50 anos, Funarte celebra memória e debate futuro das artes em ato público nas cidades de Manaus e Brasília","Cultura, Artes e Patrimônio",13730,,0,0,False,An error occurred (ValidationException) when calling the InvokeModel operation: Invocation of model ID anthropic.claude-haiku-4-5-20251001-v1:0 with on-demand throughput isn’t supported. Retry your request with the ID or ARN of an inference profile that contains this model.
doc_09_05,CVM e ANBIMA divulgam resultados do Acordo de Cooperação Técnica entre as instituições no 2° semestre de 2025,Economia e Finanças,1815,,0,0,False,An error occurred (ValidationException) when calling the InvokeModel operation: Invocation of model ID anthropic.claude-haiku-4-5-20251001-v1:0 with on-demand throughput isn’t supported. Retry your request with the ID or ARN of an inference profile that contains this model.
doc_15_04,"Em Rondônia, povo Paiter Suruí debate projeto de carbono como instrumento de PGTA e autonomia indígena",Meio Ambiente e Sustentabilidade,8972,,0,0,False,An error occurred (ValidationException) when calling the InvokeModel operation: Invocation of model ID anthropic.claude-haiku-4-5-20251001-v1:0 with on-demand throughput isn’t supported. Retry your request with the ID or ARN of an inference profile that contains this model.
doc_13_12_syn_extract_middle_3144,Governo do Brasil lança licitação para ampliar abastecimento de água em Irecê (BA),Infraestrutura e Transportes,305,,0,0,False,An error occurred (ValidationException) when calling the InvokeModel operation: Invocation of model ID anthropic.claude-haiku-4-5-20251001-v1:0 with on-demand throughput isn’t supported. Retry your request with the ID or ARN of an inference profile that contains this model.
doc_05_11_syn_extract_middle_1841,ABIN firma parceria estratégica com Laboratório de Inovação da Enap,"Ciência, Tecnologia e Inovação",162,,0,0,False,An error occurred (ValidationException) when calling the InvokeModel operation: Invocation of model ID anthropic.claude-haiku-4-5-20251001-v1:0 with on-demand throughput isn’t supported. Retry your request with the ID or ARN of an inference profile that contains this model.
doc_05_09_syn_short_9595,CNEN comunica o falecimento de seu ex-presidente Rex Nazaré Alves e rende homenagens a um dos grandes nomes da energia nuclear no país,"Ciência, Tecnologia e Inovação",1184,,0,0,False,An error occurred (ValidationException) when calling the InvokeModel operation: Invocation of model ID anthropic.claude-haiku-4-5-20251001-v1:0 with on-demand throughput isn’t supported. Retry your request with the ID or ARN of an inference profile that contains this model.
doc_17_07_syn_extract_first_1009,SST Fácil aproxima a ISO 45001 do dia a dia do trabalho,Trabalho e Emprego,375,,0,0,False,An error occurred (ValidationException) when calling the InvokeModel operation: Invocation of model ID anthropic.claude-haiku-4-5-20251001-v1:0 with on-demand throughput isn’t supported. Retry your request with the ID or ARN of an inference profile that contains this model.
doc_07_47_syn_extract_middle_3724,Estados iniciam maratona de eventos preparatórios da 2ª Conferência Nacional de Arquivos,"Cultura, Artes e Patrimônio",360,,0,0,False,An error occurred (ValidationException) when calling the InvokeModel operation: Invocation of model ID anthropic.claude-haiku-4-5-20251001-v1:0 with on-demand throughput isn’t supported. Retry your request with the ID or ARN of an inference profile that contains this model.
doc_15_04_syn_extract_middle_4657,"Em Rondônia, povo Paiter Suruí debate projeto de carbono como instrumento de PGTA e autonomia indígena",Meio Ambiente e Sustentabilidade,318,,0,0,False,An error occurred (ValidationException) when calling the InvokeModel operation: Invocation of model ID anthropic.claude-haiku-4-5-20251001-v1:0 with on-demand throughput isn’t supported. Retry your request with the ID or ARN of an inference profile that contains this model.
doc_03_16,Iniciativas de reintegração social de mulheres no Espírito Santo recebem visita da Secretaria-Geral da PR,Desenvolvimento Social,2904,,0,0,False,An error occurred (ValidationException) when calling the InvokeModel operation: Invocation of model ID anthropic.claude-haiku-4-5-20251001-v1:0 with on-demand throughput isn’t supported. Retry your request with the ID or ARN of an inference profile that contains this model.
doc_05_05_syn_extract_first_5552,Seminário do CENTENA divulga resultados e pesquisas desenvolvidas em 2025,"Ciência, Tecnologia e Inovação",474,,0,0,False,An error occurred (ValidationException) when calling the InvokeModel operation: Invocation of model ID anthropic.claude-haiku-4-5-20251001-v1:0 with on-demand throughput isn’t supported. Retry your request with the ID or ARN of an inference profile that contains this model.
doc_01_08_syn_extract_middle_4788,DNOCS realiza peixamento no Açude Ema em Iracema/CE,"Agricultura, Pecuária e Abastecimento",330,,0,0,False,An error occurred (ValidationException) when calling the InvokeModel operation: Invocation of model ID anthropic.claude-haiku-4-5-20251001-v1:0 with on-demand throughput isn’t supported. Retry your request with the ID or ARN of an inference profile that contains this model.
doc_11_37_syn_extract_first_9818,Fies 2026: pré-selecionados têm quarta para completar cadastro,Educação,273,,0,0,False,An error occurred (ValidationException) when calling the InvokeModel operation: Invocation of model ID anthropic.claude-haiku-4-5-20251001-v1:0 with on-demand throughput isn’t supported. Retry your request with the ID or ARN of an inference profile that contains this model.
doc_05_06_syn_extract_first_1525,Embraer faz primeiro voo de aeronave elétrica de decolagem e pouso vertical,"Ciência, Tecnologia e Inovação",495,,0,0,False,An error occurred (ValidationException) when calling the InvokeModel operation: Invocation of model ID anthropic.claude-haiku-4-5-20251001-v1:0 with on-demand throughput isn’t supported. Retry your request with the ID or ARN of an inference profile that contains this model.
doc_11_16_syn_extract_first_8144,INPI divulga lista de candidatos habilitados em seleção de bolsista,Economia e Finanças,347,,0,0,False,An error occurred (ValidationException) when calling the InvokeModel operation: Invocation of model ID anthropic.claude-haiku-4-5-20251001-v1:0 with on-demand throughput isn’t supported. Retry your request with the ID or ARN of an inference profile that contains this model.
doc_19_27_syn_short_5563,Estupro coletivo no Rio de Janeiro reforça urgência do debate sobre consentimento e educação para prevenção da violência,Justiça e Direitos Humanos,984,,0,0,False,An error occurred (ValidationException) when calling the InvokeModel operation: Invocation of model ID anthropic.claude-haiku-4-5-20251001-v1:0 with on-demand throughput isn’t supported. Retry your request with the ID or ARN of an inference profile that contains this model.
doc_01_40_syn_extract_first_8136,Edital de fortalecimento produtivo dos territórios pesqueiros aceita inscrições até 15 de março,"Agricultura, Pecuária e Abastecimento",459,,0,0,False,An error occurred (ValidationException) when calling the InvokeModel operation: Invocation of model ID anthropic.claude-haiku-4-5-20251001-v1:0 with on-demand throughput isn’t supported. Retry your request with the ID or ARN of an inference profile that contains this model.
doc_17_10_syn_extract_middle_3496,Receita Federal em Foz do Iguaçu encontra medicamentos emagrecedores em condições impróprias durante deslacração de ônibus retido,Economia e Finanças,476,,0,0,False,An error occurred (ValidationException) when calling the InvokeModel operation: Invocation of model ID anthropic.claude-haiku-4-5-20251001-v1:0 with on-demand throughput isn’t supported. Retry your request with the ID or ARN of an inference profile that contains this model.
doc_03_27_syn_short_2796,Lula edita MP que garante apoio de R$ 7.300 a famílias atingidas por chuvas na Zona da Mata e outra que cria linha de crédito para reconstrução,Economia e Finanças,834,,0,0,False,An error occurred (ValidationException) when calling the InvokeModel operation: Invocation of model ID anthropic.claude-haiku-4-5-20251001-v1:0 with on-demand throughput isn’t supported. Retry your request with the ID or ARN of an inference profile that contains this model.
doc_19_01_syn_extract_middle_4150,Wellington César Lima e Silva toma posse no MJSP e defende atuação integrada de combate ao crime organizado,Segurança Pública,335,,0,0,False,An error occurred (ValidationException) when calling the InvokeModel operation: Invocation of model ID anthropic.claude-haiku-4-5-20251001-v1:0 with on-demand throughput isn’t supported. Retry your request with the ID or ARN of an inference profile that contains this model.
doc_05_13_syn_extract_first_3705,Diretor-Geral do CENSIPAM realiza visita técnica ao Centro Tecnológico da Marinha e ao Instituto de Pesquisa da Marinha no Rio de Janeiro,"Ciência, Tecnologia e Inovação",414,,0,0,False,An error occurred (ValidationException) when calling the InvokeModel operation: Invocation of model ID anthropic.claude-haiku-4-5-20251001-v1:0 with on-demand throughput isn’t supported. Retry your request with the ID or ARN of an inference profile that contains this model.
doc_13_04_syn_short_8618,AVISO DE PAUTA: Prêmio ANTAQ 2025 acontecerá na próxima terça-feira (10),Infraestrutura e Transportes,871,,0,0,False,An error occurred (ValidationException) when calling the InvokeModel operation: Invocation of model ID anthropic.claude-haiku-4-5-20251001-v1:0 with on-demand throughput isn’t supported. Retry your request with the ID or ARN of an inference profile that contains this model.
doc_19_34,O mundo presta homenagem aos policiais mortos em serviço,Segurança Pública,9754,,0,0,False,An error occurred (ValidationException) when calling the InvokeModel operation: Invocation of model ID anthropic.claude-haiku-4-5-20251001-v1:0 with on-demand throughput isn’t supported. Retry your request with the ID or ARN of an inference profile that contains this model.
doc_15_10_syn_extract_first_7797,Plano Clima é aprovado e contempla ações destinadas aos povos indígenas após participação coletiva com apoio da Funai,Meio Ambiente e Sustentabilidade,273,,0,0,False,An error occurred (ValidationException) when calling the InvokeModel operation: Invocation of model ID anthropic.claude-haiku-4-5-20251001-v1:0 with on-demand throughput isn’t supported. Retry your request with the ID or ARN of an inference profile that contains this model.
doc_11_03_syn_extract_first_5853,Começa a edição Angola do Programa Caminhos Amefricanos,Educação,405,,0,0,False,An error occurred (ValidationException) when calling the InvokeModel operation: Invocation of model ID anthropic.claude-haiku-4-5-20251001-v1:0 with on-demand throughput isn’t supported. Retry your request with the ID or ARN of an inference profile that contains this model.
doc_17_42_syn_extract_first_8827,"Lula inaugura setor de trauma e clínica médica no novo Hospital Federal do Andaraí, no Rio, com investimento de R$ 607 milhões",Saúde,515,,0,0,False,An error occurred (ValidationException) when calling the InvokeModel operation: Invocation of model ID anthropic.claude-haiku-4-5-20251001-v1:0 with on-demand throughput isn’t supported. Retry your request with the ID or ARN of an inference profile that contains this model.
doc_01_49_syn_extract_middle_2584,Mapa inaugura galeria de ex-secretários executivos,"Agricultura, Pecuária e Abastecimento",129,,0,0,False,An error occurred (ValidationException) when calling the InvokeModel operation: Invocation of model ID anthropic.claude-haiku-4-5-20251001-v1:0 with on-demand throughput isn’t supported. Retry your request with the ID or ARN of an inference profile that contains this model.
doc_11_04_syn_extract_first_2679,Anvisa conclui curso de formação para novos especialistas em regulação,Regulação e Fiscalização,299,,0,0,False,An error occurred (ValidationException) when calling the InvokeModel operation: Invocation of model ID anthropic.claude-haiku-4-5-20251001-v1:0 with on-demand throughput isn’t supported. Retry your request with the ID or ARN of an inference profile that contains this model.
doc_01_17_syn_short_4502,"Contrata+Brasil gerou mais de R$ 13,7 milhões de renda para MEIs em um ano",Economia e Finanças,1004,,0,0,False,An error occurred (ValidationException) when calling the InvokeModel operation: Invocation of model ID anthropic.claude-haiku-4-5-20251001-v1:0 with on-demand throughput isn’t supported. Retry your request with the ID or ARN of an inference profile that contains this model.
doc_05_11,ABIN firma parceria estratégica com Laboratório de Inovação da Enap,"Ciência, Tecnologia e Inovação",2171,,0,0,False,An error occurred (ValidationException) when calling the InvokeModel operation: Invocation of model ID anthropic.claude-haiku-4-5-20251001-v1:0 with on-demand throughput isn’t supported. Retry your request with the ID or ARN of an inference profile that contains this model.
doc_05_34_syn_extract_first_6442,ICMBio fortalece cooperação internacional em agendas de tecnologia e monitoramento ambiental na América Latina,Meio Ambiente e Sustentabilidade,548,,0,0,False,An error occurred (ValidationException) when calling the InvokeModel operation: Invocation of model ID anthropic.claude-haiku-4-5-20251001-v1:0 with on-demand throughput isn’t supported. Retry your request with the ID or ARN of an inference profile that contains this model.
doc_17_16_syn_extract_middle_5557,Prazo para Emissão do Recibo Eletrônico Receita Saúde – Ano-Calendário 2025,Economia e Finanças,255,,0,0,False,An error occurred (ValidationException) when calling the InvokeModel operation: Invocation of model ID anthropic.claude-haiku-4-5-20251001-v1:0 with on-demand throughput isn’t supported. Retry your request with the ID or ARN of an inference profile that contains this model.
doc_13_11_syn_extract_middle_5173,Ministério da Gestão autoriza contratação temporária de 489 profissionais para o Comando da Aeronáutica,Trabalho e Emprego,342,,0,0,False,An error occurred (ValidationException) when calling the InvokeModel operation: Invocation of model ID anthropic.claude-haiku-4-5-20251001-v1:0 with on-demand throughput isn’t supported. Retry your request with the ID or ARN of an inference profile that contains this model.
doc_15_22_syn_short_8939,Cientistas e indígenas registram biodiversidade e cultura da região do Alto Rio Içá,Meio Ambiente e Sustentabilidade,1088,,0,0,False,An error occurred (ValidationException) when calling the InvokeModel operation: Invocation of model ID anthropic.claude-haiku-4-5-20251001-v1:0 with on-demand throughput isn’t supported. Retry your request with the ID or ARN of an inference profile that contains this model.
doc_15_03_syn_extract_first_7291,SFB e CNI fortalecem cooperação para Prêmio em Estudos de Economia e Mercado Florestal,Economia e Finanças,386,,0,0,False,An error occurred (ValidationException) when calling the InvokeModel operation: Invocation of model ID anthropic.claude-haiku-4-5-20251001-v1:0 with on-demand throughput isn’t supported. Retry your request with the ID or ARN of an inference profile that contains this model.
doc_05_01,Brasil aprofunda debate sobre responsabilidade civil nuclear em workshop co-organizado pela ANSN e AIEA,Energia e Recursos Minerais,4756,,0,0,False,An error occurred (ValidationException) when calling the InvokeModel operation: Invocation of model ID anthropic.claude-haiku-4-5-20251001-v1:0 with on-demand throughput isn’t supported. Retry your request with the ID or ARN of an inference profile that contains this model.
doc_13_48_syn_extract_first_9698,Governo do Brasil entrega 324 ônibus escolares do Caminho da Escola,Educação,385,,0,0,False,An error occurred (ValidationException) when calling the InvokeModel operation: Invocation of model ID anthropic.claude-haiku-4-5-20251001-v1:0 with on-demand throughput isn’t supported. Retry your request with the ID or ARN of an inference profile that contains this model.
doc_07_06,Mais de 800 obras disputam as premiações do 3º Concurso de Fotos e Vídeos da Anatel,Comunicações e Mídia,2484,,0,0,False,An error occurred (ValidationException) when calling the InvokeModel operation: Invocation of model ID anthropic.claude-haiku-4-5-20251001-v1:0 with on-demand throughput isn’t supported. Retry your request with the ID or ARN of an inference profile that contains this model.
doc_13_01_syn_extract_middle_8239,As Rotas de Integração Sul-Americana são agora um Programa formal do MPO,Infraestrutura e Transportes,557,,0,0,False,An error occurred (ValidationException) when calling the InvokeModel operation: Invocation of model ID anthropic.claude-haiku-4-5-20251001-v1:0 with on-demand throughput isn’t supported. Retry your request with the ID or ARN of an inference profile that contains this model.
doc_09_08,AGU derruba liminar que autorizava dedução na base de cálculo da CFEM,Economia e Finanças,4010,,0,0,False,An error occurred (ValidationException) when calling the InvokeModel operation: Invocation of model ID anthropic.claude-haiku-4-5-20251001-v1:0 with on-demand throughput isn’t supported. Retry your request with the ID or ARN of an inference profile that contains this model.
doc_09_06_syn_extract_middle_6139,Aplicativo do Gás do Povo é o mais baixado do Brasil e consolida adesão recorde ao programa,Economia e Finanças,290,,0,0,False,An error occurred (ValidationException) when calling the InvokeModel operation: Invocation of model ID anthropic.claude-haiku-4-5-20251001-v1:0 with on-demand throughput isn’t supported. Retry your request with the ID or ARN of an inference profile that contains this model.
doc_19_17_syn_short_1058,Susep orienta população após fortes chuvas em Minas Gerais,Economia e Finanças,963,,0,0,False,An error occurred (ValidationException) when calling the InvokeModel operation: Invocation of model ID anthropic.claude-haiku-4-5-20251001-v1:0 with on-demand throughput isn’t supported. Retry your request with the ID or ARN of an inference profile that contains this model.
doc_17_18_syn_short_2790,ANPD participa de Jornada de Proteção de Dados no SUS para fortalecer a governança e a segurança da informação,"Ciência, Tecnologia e Inovação",1559,,0,0,False,An error occurred (ValidationException) when calling the InvokeModel operation: Invocation of model ID anthropic.claude-haiku-4-5-20251001-v1:0 with on-demand throughput isn’t supported. Retry your request with the ID or ARN of an inference profile that contains this model.
doc_05_23_syn_extract_middle_2375,MCTI lança programa Mais Ciência na Escola no Acre,Educação,410,,0,0,False,An error occurred (ValidationException) when calling the InvokeModel operation: Invocation of model ID anthropic.claude-haiku-4-5-20251001-v1:0 with on-demand throughput isn’t supported. Retry your request with the ID or ARN of an inference profile that contains this model.
doc_15_05,Justiça mantém multa aplicada pelo Ibama por pesquisa sísmica sem licença,Meio Ambiente e Sustentabilidade,2343,,0,0,False,An error occurred (ValidationException) when calling the InvokeModel operation: Invocation of model ID anthropic.claude-haiku-4-5-20251001-v1:0 with on-demand throughput isn’t supported. Retry your request with the ID or ARN of an inference profile that contains this model.
doc_17_06_syn_extract_middle_3573,"Projeto promove testagem para ISTs, cuidados com a tuberculose e educação em saúde para comunidade ribeirinha de Rondônia",Saúde,693,,0,0,False,An error occurred (ValidationException) when calling the InvokeModel operation: Invocation of model ID anthropic.claude-haiku-4-5-20251001-v1:0 with on-demand throughput isn’t supported. Retry your request with the ID or ARN of an inference profile that contains this model.
doc_13_27,"Presidente Lula participa da inauguração de anel viário e túnel de Campo Grande e da visita com entrega de moradias na Comunidade do Aço, no Rio",Infraestrutura e Transportes,1741,,0,0,False,An error occurred (ValidationException) when calling the InvokeModel operation: Invocation of model ID anthropic.claude-haiku-4-5-20251001-v1:0 with on-demand throughput isn’t supported. Retry your request with the ID or ARN of an inference profile that contains this model.
doc_01_36_syn_extract_first_4777,Plano Safra 2025/2026: crédito rural cresce 7% e já soma R$ 354 bilhões contratados,"Agricultura, Pecuária e Abastecimento",379,,0,0,False,An error occurred (ValidationException) when calling the InvokeModel operation: Invocation of model ID anthropic.claude-haiku-4-5-20251001-v1:0 with on-demand throughput isn’t supported. Retry your request with the ID or ARN of an inference profile that contains this model.
doc_13_03_syn_extract_first_9728,DNIT executa reconstrução de bueiro hidráulico na BR-174/RR,Infraestrutura e Transportes,343,,0,0,False,An error occurred (ValidationException) when calling the InvokeModel operation: Invocation of model ID anthropic.claude-haiku-4-5-20251001-v1:0 with on-demand throughput isn’t supported. Retry your request with the ID or ARN of an inference profile that contains this model.
doc_15_10,Plano Clima é aprovado e contempla ações destinadas aos povos indígenas após participação coletiva com apoio da Funai,Meio Ambiente e Sustentabilidade,9643,,0,0,False,An error occurred (ValidationException) when calling the InvokeModel operation: Invocation of model ID anthropic.claude-haiku-4-5-20251001-v1:0 with on-demand throughput isn’t supported. Retry your request with the ID or ARN of an inference profile that contains this model.
doc_13_21_syn_extract_first_2129,Companhias aéreas suspendem voos para Oriente Médio,Transporte e Infraestrutura,199,,0,0,False,An error occurred (ValidationException) when calling the InvokeModel operation: Invocation of model ID anthropic.claude-haiku-4-5-20251001-v1:0 with on-demand throughput isn’t supported. Retry your request with the ID or ARN of an inference profile that contains this model.
doc_05_11_syn_short_5136,ABIN firma parceria estratégica com Laboratório de Inovação da Enap,"Ciência, Tecnologia e Inovação",1980,,0,0,False,An error occurred (ValidationException) when calling the InvokeModel operation: Invocation of model ID anthropic.claude-haiku-4-5-20251001-v1:0 with on-demand throughput isn’t supported. Retry your request with the ID or ARN of an inference profile that contains this model.
doc_03_46_syn_extract_first_6003,Caminhada Down celebra Dia Internacional da Síndrome,Desenvolvimento Social,113,,0,0,False,An error occurred (ValidationException) when calling the InvokeModel operation: Invocation of model ID anthropic.claude-haiku-4-5-20251001-v1:0 with on-demand throughput isn’t supported. Retry your request with the ID or ARN of an inference profile that contains this model.
doc_19_24_syn_extract_first_3579,Cade condena representado em processo de cartel em licitações de aeroportos,Economia e Finanças,316,,0,0,False,An error occurred (ValidationException) when calling the InvokeModel operation: Invocation of model ID anthropic.claude-haiku-4-5-20251001-v1:0 with on-demand throughput isn’t supported. Retry your request with the ID or ARN of an inference profile that contains this model.
doc_07_26_syn_short_9701,Ibict promove atividades no Dia Internacional das Mulheres,Desenvolvimento Social,2153,,0,0,False,An error occurred (ValidationException) when calling the InvokeModel operation: Invocation of model ID anthropic.claude-haiku-4-5-20251001-v1:0 with on-demand throughput isn’t supported. Retry your request with the ID or ARN of an inference profile that contains this model.
doc_19_30_syn_extract_first_2535,Brasil sem Feminicídio: Governo do Brasil apresenta resultados de operações de enfrentamento à violência contra mulheres,Segurança Pública,286,,0,0,False,An error occurred (ValidationException) when calling the InvokeModel operation: Invocation of model ID anthropic.claude-haiku-4-5-20251001-v1:0 with on-demand throughput isn’t supported. Retry your request with the ID or ARN of an inference profile that contains this model.
doc_09_16_syn_extract_first_6491,"Nordeste cria mais de 5% dos novos empregos no Brasil em janeiro, aponta Sudene",Economia e Finanças,415,,0,0,False,An error occurred (ValidationException) when calling the InvokeModel operation: Invocation of model ID anthropic.claude-haiku-4-5-20251001-v1:0 with on-demand throughput isn’t supported. Retry your request with the ID or ARN of an inference profile that contains this model.
doc_17_25_syn_extract_first_4978,INSS inaugura novas instalações em São Simão (SP) com tecnologia para perícias e avaliações remotas,Saúde,456,,0,0,False,An error occurred (ValidationException) when calling the InvokeModel operation: Invocation of model ID anthropic.claude-haiku-4-5-20251001-v1:0 with on-demand throughput isn’t supported. Retry your request with the ID or ARN of an inference profile that contains this model.
doc_01_22,Acelera Amapá leva ajuda humanitária e crédito produtivo ao interior do Amapá,Desenvolvimento Social,4317,,0,0,False,An error occurred (ValidationException) when calling the InvokeModel operation: Invocation of model ID anthropic.claude-haiku-4-5-20251001-v1:0 with on-demand throughput isn’t supported. Retry your request with the ID or ARN of an inference profile that contains this model.
doc_01_40_syn_short_6280,Edital de fortalecimento produtivo dos territórios pesqueiros aceita inscrições até 15 de março,Desenvolvimento Social,1875,,0,0,False,An error occurred (ValidationException) when calling the InvokeModel operation: Invocation of model ID anthropic.claude-haiku-4-5-20251001-v1:0 with on-demand throughput isn’t supported. Retry your request with the ID or ARN of an inference profile that contains this model.
doc_01_29_syn_short_9976,INPI concede IG Chapada de Minas (MG) para 22 municípios produtores de café,"Agricultura, Pecuária e Abastecimento",1303,,0,0,False,An error occurred (ValidationException) when calling the InvokeModel operation: Invocation of model ID anthropic.claude-haiku-4-5-20251001-v1:0 with on-demand throughput isn’t supported. Retry your request with the ID or ARN of an inference profile that contains this model.
doc_09_01_syn_extract_first_6169,Ano de 2025 encerra com número recorde de regulados pela CVM,Economia e Finanças,152,,0,0,False,An error occurred (ValidationException) when calling the InvokeModel operation: Invocation of model ID anthropic.claude-haiku-4-5-20251001-v1:0 with on-demand throughput isn’t supported. Retry your request with the ID or ARN of an inference profile that contains this model.
doc_01_22_syn_extract_middle_4995,Acelera Amapá leva ajuda humanitária e crédito produtivo ao interior do Amapá,Desenvolvimento Social,889,,0,0,False,An error occurred (ValidationException) when calling the InvokeModel operation: Invocation of model ID anthropic.claude-haiku-4-5-20251001-v1:0 with on-demand throughput isn’t supported. Retry your request with the ID or ARN of an inference profile that contains this model.
doc_09_40_syn_short_2684,EEN Brasil inaugura polo em Recife para impulsionar o crescimento de empresas exportadoras,Economia e Finanças,1430,,0,0,False,An error occurred (ValidationException) when calling the InvokeModel operation: Invocation of model ID anthropic.claude-haiku-4-5-20251001-v1:0 with on-demand throughput isn’t supported. Retry your request with the ID or ARN of an inference profile that contains this model.
doc_01_12_syn_extract_first_6718,Dias destaca papel da agricultura familiar e avanços na luta contra a fome em seminário internacional,"Agricultura, Pecuária e Abastecimento",439,,0,0,False,An error occurred (ValidationException) when calling the InvokeModel operation: Invocation of model ID anthropic.claude-haiku-4-5-20251001-v1:0 with on-demand throughput isn’t supported. Retry your request with the ID or ARN of an inference profile that contains this model.
doc_19_06_syn_extract_first_7570,Operação da Anac no Rio de Janeiro fiscaliza voos privados e serviços aéreos especializados,Economia e Finanças,393,,0,0,False,An error occurred (ValidationException) when calling the InvokeModel operation: Invocation of model ID anthropic.claude-haiku-4-5-20251001-v1:0 with on-demand throughput isn’t supported. Retry your request with the ID or ARN of an inference profile that contains this model.
doc_17_17_syn_extract_middle_6576,Oficina formativa entre SEIDIGI e CNS fortalece saúde digital como eixo estratégico,Saúde,511,,0,0,False,An error occurred (ValidationException) when calling the InvokeModel operation: Invocation of model ID anthropic.claude-haiku-4-5-20251001-v1:0 with on-demand throughput isn’t supported. Retry your request with the ID or ARN of an inference profile that contains this model.
doc_07_30_syn_extract_middle_2512,"Iphan aprova tombamento do Solar Artur Sampaio, no município de Nazaré (Bahia)","Cultura, Artes e Patrimônio",717,,0,0,False,An error occurred (ValidationException) when calling the InvokeModel operation: Invocation of model ID anthropic.claude-haiku-4-5-20251001-v1:0 with on-demand throughput isn’t supported. Retry your request with the ID or ARN of an inference profile that contains this model.
doc_01_10,Microcrédito movimenta R$ 69 milhões em mais de 5 mil novos contratos em janeiro,Economia e Finanças,3572,,0,0,False,An error occurred (ValidationException) when calling the InvokeModel operation: Invocation of model ID anthropic.claude-haiku-4-5-20251001-v1:0 with on-demand throughput isn’t supported. Retry your request with the ID or ARN of an inference profile that contains this model.
doc_11_28,Pronasci Juventude inicia etapa de qualificação profissional em Salvador com cursos do Pronatec,Educação,5444,,0,0,False,An error occurred (ValidationException) when calling the InvokeModel operation: Invocation of model ID anthropic.claude-haiku-4-5-20251001-v1:0 with on-demand throughput isn’t supported. Retry your request with the ID or ARN of an inference profile that contains this model.
doc_07_10_syn_extract_first_9375,Cerimônia do Chá e “Harmonias brasileiras” na programação da Casa Pacheco Leão,"Cultura, Artes e Patrimônio",247,,0,0,False,An error occurred (ValidationException) when calling the InvokeModel operation: Invocation of model ID anthropic.claude-haiku-4-5-20251001-v1:0 with on-demand throughput isn’t supported. Retry your request with the ID or ARN of an inference profile that contains this model.
doc_09_30_syn_extract_middle_1053,Secretaria de Prêmios e Apostas apresenta diretrizes de jogo responsável em palestra para setor de atendimento ao consumidor,Economia e Finanças,213,,0,0,False,An error occurred (ValidationException) when calling the InvokeModel operation: Invocation of model ID anthropic.claude-haiku-4-5-20251001-v1:0 with on-demand throughput isn’t supported. Retry your request with the ID or ARN of an inference profile that contains this model.
doc_07_24_syn_short_5741,Mulheres que transformam,Desenvolvimento Social,3665,,0,0,False,An error occurred (ValidationException) when calling the InvokeModel operation: Invocation of model ID anthropic.claude-haiku-4-5-20251001-v1:0 with on-demand throughput isn’t supported. Retry your request with the ID or ARN of an inference profile that contains this model.
doc_05_08_syn_extract_middle_9977,Gestão lança publicação sobre segurança da informação para computação em nuvem para órgãos do SISP,"Ciência, Tecnologia e Inovação",419,,0,0,False,An error occurred (ValidationException) when calling the InvokeModel operation: Invocation of model ID anthropic.claude-haiku-4-5-20251001-v1:0 with on-demand throughput isn’t supported. Retry your request with the ID or ARN of an inference profile that contains this model.
doc_01_44,Agricultores com perda de produção começam a receber o Garantia-Safra,"Agricultura, Pecuária e Abastecimento",1588,,0,0,False,An error occurred (ValidationException) when calling the InvokeModel operation: Invocation of model ID anthropic.claude-haiku-4-5-20251001-v1:0 with on-demand throughput isn’t supported. Retry your request with the ID or ARN of an inference profile that contains this model.
doc_17_06,"Projeto promove testagem para ISTs, cuidados com a tuberculose e educação em saúde para comunidade ribeirinha de Rondônia",Saúde,3465,,0,0,False,An error occurred (ValidationException) when calling the InvokeModel operation: Invocation of model ID anthropic.claude-haiku-4-5-20251001-v1:0 with on-demand throughput isn’t supported. Retry your request with the ID or ARN of an inference profile that contains this model.
doc_03_07_syn_short_3267,Tesouro Nacional recebe certificado do Pnud e lança estratégia de igualdade de gênero,Economia e Finanças,1476,,0,0,False,An error occurred (ValidationException) when calling the InvokeModel operation: Invocation of model ID anthropic.claude-haiku-4-5-20251001-v1:0 with on-demand throughput isn’t supported. Retry your request with the ID or ARN of an inference profile that contains this model.
doc_09_22,Condel da Sudeco aprova novas linhas de financiamento para jovens empreendedores e turismo rural no Centro-Oeste,Economia e Finanças,4502,,0,0,False,An error occurred (ValidationException) when calling the InvokeModel operation: Invocation of model ID anthropic.claude-haiku-4-5-20251001-v1:0 with on-demand throughput isn’t supported. Retry your request with the ID or ARN of an inference profile that contains this model.
doc_19_27_syn_extract_first_7912,Estupro coletivo no Rio de Janeiro reforça urgência do debate sobre consentimento e educação para prevenção da violência,Segurança Pública,283,,0,0,False,An error occurred (ValidationException) when calling the InvokeModel operation: Invocation of model ID anthropic.claude-haiku-4-5-20251001-v1:0 with on-demand throughput isn’t supported. Retry your request with the ID or ARN of an inference profile that contains this model.
doc_03_07_syn_extract_middle_2320,Tesouro Nacional recebe certificado do Pnud e lança estratégia de igualdade de gênero,Economia e Finanças,429,,0,0,False,An error occurred (ValidationException) when calling the InvokeModel operation: Invocation of model ID anthropic.claude-haiku-4-5-20251001-v1:0 with on-demand throughput isn’t supported. Retry your request with the ID or ARN of an inference profile that contains this model.
doc_19_41_syn_extract_middle_7882,Novidade: envio de notificações em lote agora está disponível no Portal Único da Anac,Economia e Finanças,283,,0,0,False,An error occurred (ValidationException) when calling the InvokeModel operation: Invocation of model ID anthropic.claude-haiku-4-5-20251001-v1:0 with on-demand throughput isn’t supported. Retry your request with the ID or ARN of an inference profile that contains this model.
doc_01_18,Pesquisa mergulha em agricultura sustentável e bioformulações,"Agricultura, Pecuária e Abastecimento",5019,,0,0,False,An error occurred (ValidationException) when calling the InvokeModel operation: Invocation of model ID anthropic.claude-haiku-4-5-20251001-v1:0 with on-demand throughput isn’t supported. Retry your request with the ID or ARN of an inference profile that contains this model.
doc_13_16_syn_short_6733,Justiça assegura leilão de terminal portuário no Amapá,Infraestrutura e Transportes,974,,0,0,False,An error occurred (ValidationException) when calling the InvokeModel operation: Invocation of model ID anthropic.claude-haiku-4-5-20251001-v1:0 with on-demand throughput isn’t supported. Retry your request with the ID or ARN of an inference profile that contains this model.
doc_19_28_syn_extract_middle_7548,Brasil sem Feminicídio: Governo Federal apresenta resultados de operações de enfrentamento à violência contra mulheres,Segurança Pública,1566,,0,0,False,An error occurred (ValidationException) when calling the InvokeModel operation: Invocation of model ID anthropic.claude-haiku-4-5-20251001-v1:0 with on-demand throughput isn’t supported. Retry your request with the ID or ARN of an inference profile that contains this model.
doc_07_19_syn_extract_first_4946,Cristo Redentor é iluminado com mensagens de campanha contra violência,"Cultura, Artes e Patrimônio",333,,0,0,False,An error occurred (ValidationException) when calling the InvokeModel operation: Invocation of model ID anthropic.claude-haiku-4-5-20251001-v1:0 with on-demand throughput isn’t supported. Retry your request with the ID or ARN of an inference profile that contains this model.
doc_11_47_syn_extract_first_6514,Governo do Brasil anuncia entrega de 324 ônibus escolares do Programa Caminho da Escola,Educação,231,,0,0,False,An error occurred (ValidationException) when calling the InvokeModel operation: Invocation of model ID anthropic.claude-haiku-4-5-20251001-v1:0 with on-demand throughput isn’t supported. Retry your request with the ID or ARN of an inference profile that contains this model.
doc_11_04,Anvisa conclui curso de formação para novos especialistas em regulação,Economia e Finanças,1470,,0,0,False,An error occurred (ValidationException) when calling the InvokeModel operation: Invocation of model ID anthropic.claude-haiku-4-5-20251001-v1:0 with on-demand throughput isn’t supported. Retry your request with the ID or ARN of an inference profile that contains this model.
doc_11_20,Olimpíadas científicas mobilizam escolas e revelam jovens talentos,Educação,3956,,0,0,False,An error occurred (ValidationException) when calling the InvokeModel operation: Invocation of model ID anthropic.claude-haiku-4-5-20251001-v1:0 with on-demand throughput isn’t supported. Retry your request with the ID or ARN of an inference profile that contains this model.
doc_17_00_syn_extract_first_7267,"Conselho Nacional de Previdência Social: em última reunião do ano, ministro Wolney Queiroz destaca ressarcimento a 4 milhões de aposentados",Previdência Social,449,,0,0,False,An error occurred (ValidationException) when calling the InvokeModel operation: Invocation of model ID anthropic.claude-haiku-4-5-20251001-v1:0 with on-demand throughput isn’t supported. Retry your request with the ID or ARN of an inference profile that contains this model.
doc_13_14_syn_short_6688,Jader Filho: governo estuda novo modelo para reduzir tarifas e ampliar acesso ao transporte público,Infraestrutura e Transportes,1291,,0,0,False,An error occurred (ValidationException) when calling the InvokeModel operation: Invocation of model ID anthropic.claude-haiku-4-5-20251001-v1:0 with on-demand throughput isn’t supported. Retry your request with the ID or ARN of an inference profile that contains this model.
doc_01_28_syn_extract_middle_8657,Brasília recebe a 39ª Conferência Regional da ONU para a Alimentação e a Agricultura,"Agricultura, Pecuária e Abastecimento",466,,0,0,False,An error occurred (ValidationException) when calling the InvokeModel operation: Invocation of model ID anthropic.claude-haiku-4-5-20251001-v1:0 with on-demand throughput isn’t supported. Retry your request with the ID or ARN of an inference profile that contains this model.
doc_13_48_syn_short_7971,Governo do Brasil entrega 324 ônibus escolares do Caminho da Escola,Educação,2301,,0,0,False,An error occurred (ValidationException) when calling the InvokeModel operation: Invocation of model ID anthropic.claude-haiku-4-5-20251001-v1:0 with on-demand throughput isn’t supported. Retry your request with the ID or ARN of an inference profile that contains this model.
doc_03_04_syn_extract_middle_5658,Sudene e MDS vão lançar projetos de proteção social nos estados do Nordeste,Desenvolvimento Social,597,,0,0,False,An error occurred (ValidationException) when calling the InvokeModel operation: Invocation of model ID anthropic.claude-haiku-4-5-20251001-v1:0 with on-demand throughput isn’t supported. Retry your request with the ID or ARN of an inference profile that contains this model.
doc_05_02_syn_extract_first_2312,Deputado Júlio Lopes propõe transformação da ANSN em Agência Reguladora Nuclear,Economia e Finanças,231,,0,0,False,An error occurred (ValidationException) when calling the InvokeModel operation: Invocation of model ID anthropic.claude-haiku-4-5-20251001-v1:0 with on-demand throughput isn’t supported. Retry your request with the ID or ARN of an inference profile that contains this model.
doc_03_08,Programa Computadores para Inclusão beneficia organizações sociais na Paraíba,Comunicações e Mídia,3945,,0,0,False,An error occurred (ValidationException) when calling the InvokeModel operation: Invocation of model ID anthropic.claude-haiku-4-5-20251001-v1:0 with on-demand throughput isn’t supported. Retry your request with the ID or ARN of an inference profile that contains this model.
doc_01_06,Acordo põe fim a conflito agrário histórico no oeste do Paraná,"Agricultura, Pecuária e Abastecimento",4679,,0,0,False,An error occurred (ValidationException) when calling the InvokeModel operation: Invocation of model ID anthropic.claude-haiku-4-5-20251001-v1:0 with on-demand throughput isn’t supported. Retry your request with the ID or ARN of an inference profile that contains this model.
doc_15_09,Parque Nacional do Superagui (PR) inaugura primeira trilha para ciclistas e caminhantes,Meio Ambiente e Sustentabilidade,7525,,0,0,False,An error occurred (ValidationException) when calling the InvokeModel operation: Invocation of model ID anthropic.claude-haiku-4-5-20251001-v1:0 with on-demand throughput isn’t supported. Retry your request with the ID or ARN of an inference profile that contains this model.
doc_07_12,MinC convoca candidaturas suplentes do Edital Sérgio Mamberti para assumir vagas remanescentes,"Cultura, Artes e Patrimônio",4911,,0,0,False,An error occurred (ValidationException) when calling the InvokeModel operation: Invocation of model ID anthropic.claude-haiku-4-5-20251001-v1:0 with on-demand throughput isn’t supported. Retry your request with the ID or ARN of an inference profile that contains this model.
doc_15_04_syn_extract_first_5012,"Em Rondônia, povo Paiter Suruí debate projeto de carbono como instrumento de PGTA e autonomia indígena",Meio Ambiente e Sustentabilidade,292,,0,0,False,An error occurred (ValidationException) when calling the InvokeModel operation: Invocation of model ID anthropic.claude-haiku-4-5-20251001-v1:0 with on-demand throughput isn’t supported. Retry your request with the ID or ARN of an inference profile that contains this model.
doc_03_27_syn_extract_first_2489,Lula edita MP que garante apoio de R$ 7.300 a famílias atingidas por chuvas na Zona da Mata e outra que cria linha de crédito para reconstrução,Desenvolvimento Social,528,,0,0,False,An error occurred (ValidationException) when calling the InvokeModel operation: Invocation of model ID anthropic.claude-haiku-4-5-20251001-v1:0 with on-demand throughput isn’t supported. Retry your request with the ID or ARN of an inference profile that contains this model.
doc_05_03,Inovação normativa da Conitec: entenda o que mudou,Saúde,1255,,0,0,False,An error occurred (ValidationException) when calling the InvokeModel operation: Invocation of model ID anthropic.claude-haiku-4-5-20251001-v1:0 with on-demand throughput isn’t supported. Retry your request with the ID or ARN of an inference profile that contains this model.
doc_19_45_syn_short_5569,Receita participa de conferência sobre lavagem de dinheiro e criptoativos na Cidade do México,Economia e Finanças,3292,,0,0,False,An error occurred (ValidationException) when calling the InvokeModel operation: Invocation of model ID anthropic.claude-haiku-4-5-20251001-v1:0 with on-demand throughput isn’t supported. Retry your request with the ID or ARN of an inference profile that contains this model.
doc_01_15_syn_short_2988,Microcrédito e equipamentos chegam a pescadores de Calçoene (AP),Economia e Finanças,1214,,0,0,False,An error occurred (ValidationException) when calling the InvokeModel operation: Invocation of model ID anthropic.claude-haiku-4-5-20251001-v1:0 with on-demand throughput isn’t supported. Retry your request with the ID or ARN of an inference profile that contains this model.
doc_07_10,Cerimônia do Chá e “Harmonias brasileiras” na programação da Casa Pacheco Leão,"Cultura, Artes e Patrimônio",2512,,0,0,False,An error occurred (ValidationException) when calling the InvokeModel operation: Invocation of model ID anthropic.claude-haiku-4-5-20251001-v1:0 with on-demand throughput isn’t supported. Retry your request with the ID or ARN of an inference profile that contains this model.
doc_11_47_syn_extract_middle_2674,Governo do Brasil anuncia entrega de 324 ônibus escolares do Programa Caminho da Escola,Educação,288,,0,0,False,An error occurred (ValidationException) when calling the InvokeModel operation: Invocation of model ID anthropic.claude-haiku-4-5-20251001-v1:0 with on-demand throughput isn’t supported. Retry your request with the ID or ARN of an inference profile that contains this model.
doc_19_15_syn_extract_first_2343,MDHC celebra publicação de decreto que reforça combate global ao trabalho escravo,Trabalho e Emprego,515,,0,0,False,An error occurred (ValidationException) when calling the InvokeModel operation: Invocation of model ID anthropic.claude-haiku-4-5-20251001-v1:0 with on-demand throughput isn’t supported. Retry your request with the ID or ARN of an inference profile that contains this model.
doc_11_27_syn_extract_middle_7906,"Olimpíada de Educação Financeira destina R$5,4 milhões em premiações para 54 escolas públicas de todo o Brasil",Educação,446,,0,0,False,An error occurred (ValidationException) when calling the InvokeModel operation: Invocation of model ID anthropic.claude-haiku-4-5-20251001-v1:0 with on-demand throughput isn’t supported. Retry your request with the ID or ARN of an inference profile that contains this model.
doc_11_18_syn_extract_first_2824,Aberto prazo de propostas para Universidade de Beihang,"Ciência, Tecnologia e Inovação",133,,0,0,False,An error occurred (ValidationException) when calling the InvokeModel operation: Invocation of model ID anthropic.claude-haiku-4-5-20251001-v1:0 with on-demand throughput isn’t supported. Retry your request with the ID or ARN of an inference profile that contains this model.
doc_13_12,Governo do Brasil lança licitação para ampliar abastecimento de água em Irecê (BA),Infraestrutura e Transportes,2988,,0,0,False,An error occurred (ValidationException) when calling the InvokeModel operation: Invocation of model ID anthropic.claude-haiku-4-5-20251001-v1:0 with on-demand throughput isn’t supported. Retry your request with the ID or ARN of an inference profile that contains this model.
doc_05_08_syn_extract_first_7653,Gestão lança publicação sobre segurança da informação para computação em nuvem para órgãos do SISP,"Ciência, Tecnologia e Inovação",150,,0,0,False,An error occurred (ValidationException) when calling the InvokeModel operation: Invocation of model ID anthropic.claude-haiku-4-5-20251001-v1:0 with on-demand throughput isn’t supported. Retry your request with the ID or ARN of an inference profile that contains this model.
doc_15_19_syn_extract_middle_2402,Mineradores devem reforçar protocolos de segurança diante da previsão de temporais,Energia e Recursos Minerais,109,,0,0,False,An error occurred (ValidationException) when calling the InvokeModel operation: Invocation of model ID anthropic.claude-haiku-4-5-20251001-v1:0 with on-demand throughput isn’t supported. Retry your request with the ID or ARN of an inference profile that contains this model.
doc_15_36_syn_extract_first_6464,Presidente Lula sanciona lei que cria a Política de Acolhimento e Manejo de Animais Resgatados (Amar),Meio Ambiente e Sustentabilidade,450,,0,0,False,An error occurred (ValidationException) when calling the InvokeModel operation: Invocation of model ID anthropic.claude-haiku-4-5-20251001-v1:0 with on-demand throughput isn’t supported. Retry your request with the ID or ARN of an inference profile that contains this model.
doc_07_17,Conselhão promove Seminário Brasil pela Vida das Meninas e Mulheres em Brasília,"Cultura, Artes e Patrimônio",1442,,0,0,False,An error occurred (ValidationException) when calling the InvokeModel operation: Invocation of model ID anthropic.claude-haiku-4-5-20251001-v1:0 with on-demand throughput isn’t supported. Retry your request with the ID or ARN of an inference profile that contains this model.
doc_03_16_syn_extract_first_9666,Iniciativas de reintegração social de mulheres no Espírito Santo recebem visita da Secretaria-Geral da PR,Desenvolvimento Social,369,,0,0,False,An error occurred (ValidationException) when calling the InvokeModel operation: Invocation of model ID anthropic.claude-haiku-4-5-20251001-v1:0 with on-demand throughput isn’t supported. Retry your request with the ID or ARN of an inference profile that contains this model.
doc_05_02_syn_short_2122,Deputado Júlio Lopes propõe transformação da ANSN em Agência Reguladora Nuclear,Energia e Recursos Minerais,4058,,0,0,False,An error occurred (ValidationException) when calling the InvokeModel operation: Invocation of model ID anthropic.claude-haiku-4-5-20251001-v1:0 with on-demand throughput isn’t supported. Retry your request with the ID or ARN of an inference profile that contains this model.
doc_01_22_syn_short_8613,Acelera Amapá leva ajuda humanitária e crédito produtivo ao interior do Amapá,Desenvolvimento Social,1595,,0,0,False,An error occurred (ValidationException) when calling the InvokeModel operation: Invocation of model ID anthropic.claude-haiku-4-5-20251001-v1:0 with on-demand throughput isn’t supported. Retry your request with the ID or ARN of an inference profile that contains this model.
doc_17_26,Banco do Brasil anuncia medidas de apoio às vítimas das enchentes na Zona da Mata mineira,Economia e Finanças,5301,,0,0,False,An error occurred (ValidationException) when calling the InvokeModel operation: Invocation of model ID anthropic.claude-haiku-4-5-20251001-v1:0 with on-demand throughput isn’t supported. Retry your request with the ID or ARN of an inference profile that contains this model.
doc_09_42_syn_short_2232,Fiocruz firma acordo com empresa chinesa WuXi Biologics para ampliar produção de vacinas para o SUS,Saúde,1521,,0,0,False,An error occurred (ValidationException) when calling the InvokeModel operation: Invocation of model ID anthropic.claude-haiku-4-5-20251001-v1:0 with on-demand throughput isn’t supported. Retry your request with the ID or ARN of an inference profile that contains this model.
doc_15_16_syn_extract_middle_3677,Governo do Brasil abre inscrições para o Comitê Nacional de Enfrentamento ao Racismo Ambiental e Climático,Meio Ambiente e Sustentabilidade,675,,0,0,False,An error occurred (ValidationException) when calling the InvokeModel operation: Invocation of model ID anthropic.claude-haiku-4-5-20251001-v1:0 with on-demand throughput isn’t supported. Retry your request with the ID or ARN of an inference profile that contains this model.
doc_09_48,Cmed multa distribuidoras de medicamentos e defende regulamentação,Economia e Finanças,9881,,0,0,False,An error occurred (ValidationException) when calling the InvokeModel operation: Invocation of model ID anthropic.claude-haiku-4-5-20251001-v1:0 with on-demand throughput isn’t supported. Retry your request with the ID or ARN of an inference profile that contains this model.
doc_11_25_syn_extract_middle_1096,"OLITEF tem premiação de R$5,4 milhões para escolas públicas e consolida avanço da educação financeira no Brasil",Educação,446,,0,0,False,An error occurred (ValidationException) when calling the InvokeModel operation: Invocation of model ID anthropic.claude-haiku-4-5-20251001-v1:0 with on-demand throughput isn’t supported. Retry your request with the ID or ARN of an inference profile that contains this model.
doc_09_00_syn_extract_first_3683,"União honra R$ 11,08 bilhões em dívidas garantidas de entes subnacionais em 2025",Economia e Finanças,271,,0,0,False,An error occurred (ValidationException) when calling the InvokeModel operation: Invocation of model ID anthropic.claude-haiku-4-5-20251001-v1:0 with on-demand throughput isn’t supported. Retry your request with the ID or ARN of an inference profile that contains this model.
doc_01_02_syn_extract_first_6155,"Brasil atinge novo recorde na safra de grãos, com 346,1 milhões de toneladas em 2025","Agricultura, Pecuária e Abastecimento",574,,0,0,False,An error occurred (ValidationException) when calling the InvokeModel operation: Invocation of model ID anthropic.claude-haiku-4-5-20251001-v1:0 with on-demand throughput isn’t supported. Retry your request with the ID or ARN of an inference profile that contains this model.
doc_17_14_syn_extract_first_6183,Alckmin e Padilha aplicam primeiras doses da vacina contra a dengue fabricada no Brasil,Saúde,388,,0,0,False,An error occurred (ValidationException) when calling the InvokeModel operation: Invocation of model ID anthropic.claude-haiku-4-5-20251001-v1:0 with on-demand throughput isn’t supported. Retry your request with the ID or ARN of an inference profile that contains this model.
doc_11_23,Presidente do FNDE debate educação inclusiva na Câmara dos Deputados,Educação,4502,,0,0,False,An error occurred (ValidationException) when calling the InvokeModel operation: Invocation of model ID anthropic.claude-haiku-4-5-20251001-v1:0 with on-demand throughput isn’t supported. Retry your request with the ID or ARN of an inference profile that contains this model.
doc_09_05_syn_extract_middle_2894,CVM e ANBIMA divulgam resultados do Acordo de Cooperação Técnica entre as instituições no 2° semestre de 2025,Economia e Finanças,226,,0,0,False,An error occurred (ValidationException) when calling the InvokeModel operation: Invocation of model ID anthropic.claude-haiku-4-5-20251001-v1:0 with on-demand throughput isn’t supported. Retry your request with the ID or ARN of an inference profile that contains this model.
doc_11_08_syn_short_6574,Programa de Pós-Graduação do CDTN alcança nota 6 na Capes,"Ciência, Tecnologia e Inovação",1413,,0,0,False,An error occurred (ValidationException) when calling the InvokeModel operation: Invocation of model ID anthropic.claude-haiku-4-5-20251001-v1:0 with on-demand throughput isn’t supported. Retry your request with the ID or ARN of an inference profile that contains this model.
doc_03_02,"Em documento, governo sintetiza políticas, equipamentos e serviços públicos de proteção social voltados ao povo yanomami",Desenvolvimento Social,2982,,0,0,False,An error occurred (ValidationException) when calling the InvokeModel operation: Invocation of model ID anthropic.claude-haiku-4-5-20251001-v1:0 with on-demand throughput isn’t supported. Retry your request with the ID or ARN of an inference profile that contains this model.
doc_03_09_syn_extract_first_3881,Ministério do Turismo lança pesquisa inédita para conhecer o perfil de turistas neurodivergentes,Turismo,336,,0,0,False,An error occurred (ValidationException) when calling the InvokeModel operation: Invocation of model ID anthropic.claude-haiku-4-5-20251001-v1:0 with on-demand throughput isn’t supported. Retry your request with the ID or ARN of an inference profile that contains this model.
doc_15_03,SFB e CNI fortalecem cooperação para Prêmio em Estudos de Economia e Mercado Florestal,Economia e Finanças,3342,,0,0,False,An error occurred (ValidationException) when calling the InvokeModel operation: Invocation of model ID anthropic.claude-haiku-4-5-20251001-v1:0 with on-demand throughput isn’t supported. Retry your request with the ID or ARN of an inference profile that contains this model.
doc_05_00_syn_extract_first_3068,"Ministra Luciana Santos destaca projeto do Reator Multipropósito Brasileiro, em reunião do CCT","Ciência, Tecnologia e Inovação",302,,0,0,False,An error occurred (ValidationException) when calling the InvokeModel operation: Invocation of model ID anthropic.claude-haiku-4-5-20251001-v1:0 with on-demand throughput isn’t supported. Retry your request with the ID or ARN of an inference profile that contains this model.
doc_09_22_syn_extract_first_6617,Condel da Sudeco aprova novas linhas de financiamento para jovens empreendedores e turismo rural no Centro-Oeste,Economia e Finanças,410,,0,0,False,An error occurred (ValidationException) when calling the InvokeModel operation: Invocation of model ID anthropic.claude-haiku-4-5-20251001-v1:0 with on-demand throughput isn’t supported. Retry your request with the ID or ARN of an inference profile that contains this model.
doc_19_08,"“Todo apoio será dado”: Alckmin faz balanço das ações do Governo do Brasil na Zona da Mata Mineira, região atingida por fortes chuvas",Desenvolvimento Social,4007,,0,0,False,An error occurred (ValidationException) when calling the InvokeModel operation: Invocation of model ID anthropic.claude-haiku-4-5-20251001-v1:0 with on-demand throughput isn’t supported. Retry your request with the ID or ARN of an inference profile that contains this model.
doc_17_29_syn_short_3938,FNDE reforça papel do PNAE na 39ª Conferência Regional da FAO,"Agricultura, Pecuária e Abastecimento",3028,,0,0,False,An error occurred (ValidationException) when calling the InvokeModel operation: Invocation of model ID anthropic.claude-haiku-4-5-20251001-v1:0 with on-demand throughput isn’t supported. Retry your request with the ID or ARN of an inference profile that contains this model.
doc_07_35_syn_short_8041,Censipam celebra Dia Internacional da Mulher com palestra sobre saúde mental e atividades de bem-estar,Desenvolvimento Social,448,,0,0,False,An error occurred (ValidationException) when calling the InvokeModel operation: Invocation of model ID anthropic.claude-haiku-4-5-20251001-v1:0 with on-demand throughput isn’t supported. Retry your request with the ID or ARN of an inference profile that contains this model.
doc_09_09,MIDR iniciará escuta ativa de demandas da população do Vale do Jequitinhonha,Desenvolvimento Social,5853,,0,0,False,An error occurred (ValidationException) when calling the InvokeModel operation: Invocation of model ID anthropic.claude-haiku-4-5-20251001-v1:0 with on-demand throughput isn’t supported. Retry your request with the ID or ARN of an inference profile that contains this model.
doc_05_08_syn_short_1006,Gestão lança publicação sobre segurança da informação para computação em nuvem para órgãos do SISP,"Ciência, Tecnologia e Inovação",2132,,0,0,False,An error occurred (ValidationException) when calling the InvokeModel operation: Invocation of model ID anthropic.claude-haiku-4-5-20251001-v1:0 with on-demand throughput isn’t supported. Retry your request with the ID or ARN of an inference profile that contains this model.
doc_03_45_syn_extract_first_1152,Famílias lutam para reconstruir a vida um mês depois de chuvas em MG,Desenvolvimento Social,278,,0,0,False,An error occurred (ValidationException) when calling the InvokeModel operation: Invocation of model ID anthropic.claude-haiku-4-5-20251001-v1:0 with on-demand throughput isn’t supported. Retry your request with the ID or ARN of an inference profile that contains this model.
doc_09_07,MME abre consulta pública para modernizar a formação de preços de energia elétrica e a contabilização no mercado de curto prazo,Economia e Finanças,3207,,0,0,False,An error occurred (ValidationException) when calling the InvokeModel operation: Invocation of model ID anthropic.claude-haiku-4-5-20251001-v1:0 with on-demand throughput isn’t supported. Retry your request with the ID or ARN of an inference profile that contains this model.
doc_19_21_syn_short_8953,SENAPPEN integra ações da FICCO que resultam na apreensão de mais de 420 kg de drogas e R$ 220 mil reais,Segurança Pública,1443,,0,0,False,An error occurred (ValidationException) when calling the InvokeModel operation: Invocation of model ID anthropic.claude-haiku-4-5-20251001-v1:0 with on-demand throughput isn’t supported. Retry your request with the ID or ARN of an inference profile that contains this model.
doc_13_30_syn_extract_first_6419,Governo do Brasil anuncia hub internacional no Galeão e reforça papel do turismo na geração de empregos,Turismo,402,,0,0,False,An error occurred (ValidationException) when calling the InvokeModel operation: Invocation of model ID anthropic.claude-haiku-4-5-20251001-v1:0 with on-demand throughput isn’t supported. Retry your request with the ID or ARN of an inference profile that contains this model.
doc_03_20,Estudo mostra que 90% dos cuidadores informais no Brasil são mulheres,Desenvolvimento Social,6638,,0,0,False,An error occurred (ValidationException) when calling the InvokeModel operation: Invocation of model ID anthropic.claude-haiku-4-5-20251001-v1:0 with on-demand throughput isn’t supported. Retry your request with the ID or ARN of an inference profile that contains this model.
doc_07_02_syn_extract_first_4111,"Rumo à 6ª Teia Nacional, Mato Grosso do Sul realiza encontro estadual da rede dos pontos de cultura",,408,,0,0,False,An error occurred (ValidationException) when calling the InvokeModel operation: Invocation of model ID anthropic.claude-haiku-4-5-20251001-v1:0 with on-demand throughput isn’t supported. Retry your request with the ID or ARN of an inference profile that contains this model.
doc_15_26_syn_extract_first_6363,Censipam realiza o evento “Pré-Cheia” em Porto Velho para discutir riscos hidrológicos na Amazônia,Meio Ambiente e Sustentabilidade,645,,0,0,False,An error occurred (ValidationException) when calling the InvokeModel operation: Invocation of model ID anthropic.claude-haiku-4-5-20251001-v1:0 with on-demand throughput isn’t supported. Retry your request with the ID or ARN of an inference profile that contains this model.
doc_07_11_syn_short_4841,"Integrando o marco de seus 50 anos, Funarte celebra memória e debate futuro das artes em ato público nas cidades de Manaus e Brasília","Cultura, Artes e Patrimônio",1466,,0,0,False,An error occurred (ValidationException) when calling the InvokeModel operation: Invocation of model ID anthropic.claude-haiku-4-5-20251001-v1:0 with on-demand throughput isn’t supported. Retry your request with the ID or ARN of an inference profile that contains this model.
doc_09_02,Cade seleciona consultor para apoiar elaboração do Guia de Abuso de Poder Econômico,Economia e Finanças,2018,,0,0,False,An error occurred (ValidationException) when calling the InvokeModel operation: Invocation of model ID anthropic.claude-haiku-4-5-20251001-v1:0 with on-demand throughput isn’t supported. Retry your request with the ID or ARN of an inference profile that contains this model.
doc_11_30_syn_extract_middle_6507,"Seleção para o Clube de Pesquisadores Mirins acontece até esta sexta-feira,  no Campus de Pesquisa do Museu Goeldi","Ciência, Tecnologia e Inovação",337,,0,0,False,An error occurred (ValidationException) when calling the InvokeModel operation: Invocation of model ID anthropic.claude-haiku-4-5-20251001-v1:0 with on-demand throughput isn’t supported. Retry your request with the ID or ARN of an inference profile that contains this model.
doc_15_19_syn_extract_first_4130,Mineradores devem reforçar protocolos de segurança diante da previsão de temporais,Meio Ambiente e Sustentabilidade,461,,0,0,False,An error occurred (ValidationException) when calling the InvokeModel operation: Invocation of model ID anthropic.claude-haiku-4-5-20251001-v1:0 with on-demand throughput isn’t supported. Retry your request with the ID or ARN of an inference profile that contains this model.
doc_01_36_syn_extract_middle_2976,Plano Safra 2025/2026: crédito rural cresce 7% e já soma R$ 354 bilhões contratados,"Agricultura, Pecuária e Abastecimento",222,,0,0,False,An error occurred (ValidationException) when calling the InvokeModel operation: Invocation of model ID anthropic.claude-haiku-4-5-20251001-v1:0 with on-demand throughput isn’t supported. Retry your request with the ID or ARN of an inference profile that contains this model.
doc_09_04_syn_short_5114,Cade divulga Anuário 2025 com balanço da atuação em defesa da concorrência,Economia e Finanças,1529,,0,0,False,An error occurred (ValidationException) when calling the InvokeModel operation: Invocation of model ID anthropic.claude-haiku-4-5-20251001-v1:0 with on-demand throughput isn’t supported. Retry your request with the ID or ARN of an inference profile that contains this model.
doc_09_42_syn_extract_first_1158,Fiocruz firma acordo com empresa chinesa WuXi Biologics para ampliar produção de vacinas para o SUS,Economia e Finanças,395,,0,0,False,An error occurred (ValidationException) when calling the InvokeModel operation: Invocation of model ID anthropic.claude-haiku-4-5-20251001-v1:0 with on-demand throughput isn’t supported. Retry your request with the ID or ARN of an inference profile that contains this model.
doc_13_23_syn_short_4262,Guerra no Oriente Médio pode afetar calendário da Fórmula 1,Relações Internacionais e Diplomacia,3774,,0,0,False,An error occurred (ValidationException) when calling the InvokeModel operation: Invocation of model ID anthropic.claude-haiku-4-5-20251001-v1:0 with on-demand throughput isn’t supported. Retry your request with the ID or ARN of an inference profile that contains this model.
doc_03_04_syn_short_8690,Sudene e MDS vão lançar projetos de proteção social nos estados do Nordeste,Desenvolvimento Social,1335,,0,0,False,An error occurred (ValidationException) when calling the InvokeModel operation: Invocation of model ID anthropic.claude-haiku-4-5-20251001-v1:0 with on-demand throughput isn’t supported. Retry your request with the ID or ARN of an inference profile that contains this model.
doc_15_06_syn_short_2235,Iniciativa do Inpa transforma resíduos de bambu em decoração natalina sustentável,Meio Ambiente e Sustentabilidade,1777,,0,0,False,An error occurred (ValidationException) when calling the InvokeModel operation: Invocation of model ID anthropic.claude-haiku-4-5-20251001-v1:0 with on-demand throughput isn’t supported. Retry your request with the ID or ARN of an inference profile that contains this model.
doc_17_20_syn_short_4180,Ministério das Mulheres e PRF firmam parceria para campanha de enfrentamento à violência no Carnaval,Segurança Pública,1412,,0,0,False,An error occurred (ValidationException) when calling the InvokeModel operation: Invocation of model ID anthropic.claude-haiku-4-5-20251001-v1:0 with on-demand throughput isn’t supported. Retry your request with the ID or ARN of an inference profile that contains this model.
doc_03_29_syn_extract_middle_6930,Mulheres rurais: transformando lutas em conquistas,Desenvolvimento Social,676,,0,0,False,An error occurred (ValidationException) when calling the InvokeModel operation: Invocation of model ID anthropic.claude-haiku-4-5-20251001-v1:0 with on-demand throughput isn’t supported. Retry your request with the ID or ARN of an inference profile that contains this model.
doc_09_48_syn_short_4492,Cmed multa distribuidoras de medicamentos e defende regulamentação,Economia e Finanças,2367,,0,0,False,An error occurred (ValidationException) when calling the InvokeModel operation: Invocation of model ID anthropic.claude-haiku-4-5-20251001-v1:0 with on-demand throughput isn’t supported. Retry your request with the ID or ARN of an inference profile that contains this model.
doc_17_11,INCA estima 781 mil novos casos de câncer por ano no Brasil entre 2026 e 2028,Saúde,8093,,0,0,False,An error occurred (ValidationException) when calling the InvokeModel operation: Invocation of model ID anthropic.claude-haiku-4-5-20251001-v1:0 with on-demand throughput isn’t supported. Retry your request with the ID or ARN of an inference profile that contains this model.
doc_01_49,Mapa inaugura galeria de ex-secretários executivos,"Agricultura, Pecuária e Abastecimento",3354,,0,0,False,An error occurred (ValidationException) when calling the InvokeModel operation: Invocation of model ID anthropic.claude-haiku-4-5-20251001-v1:0 with on-demand throughput isn’t supported. Retry your request with the ID or ARN of an inference profile that contains this model.
doc_05_09_syn_extract_middle_5530,CNEN comunica o falecimento de seu ex-presidente Rex Nazaré Alves e rende homenagens a um dos grandes nomes da energia nuclear no país,"Ciência, Tecnologia e Inovação",384,,0,0,False,An error occurred (ValidationException) when calling the InvokeModel operation: Invocation of model ID anthropic.claude-haiku-4-5-20251001-v1:0 with on-demand throughput isn’t supported. Retry your request with the ID or ARN of an inference profile that contains this model.
doc_05_39,MDA realiza oficina de Conectividade e Inclusão Digital para a Agricultura Familiar com enfoque nos Territórios da Cidadania,Economia e Finanças,5682,,0,0,False,An error occurred (ValidationException) when calling the InvokeModel operation: Invocation of model ID anthropic.claude-haiku-4-5-20251001-v1:0 with on-demand throughput isn’t supported. Retry your request with the ID or ARN of an inference profile that contains this model.
doc_11_39_syn_extract_middle_7592,Últimos dias para aderir ao Compromisso Nacional Toda Matemática,Educação,465,,0,0,False,An error occurred (ValidationException) when calling the InvokeModel operation: Invocation of model ID anthropic.claude-haiku-4-5-20251001-v1:0 with on-demand throughput isn’t supported. Retry your request with the ID or ARN of an inference profile that contains this model.
doc_17_04_syn_short_5930,CGU e PF apuram irregularidades na área da saúde em Alagoas,Saúde,968,,0,0,False,An error occurred (ValidationException) when calling the InvokeModel operation: Invocation of model ID anthropic.claude-haiku-4-5-20251001-v1:0 with on-demand throughput isn’t supported. Retry your request with the ID or ARN of an inference profile that contains this model.
doc_07_16_syn_extract_middle_4139,Servidor do Iphan lança Atlas Arqueológico do Tocantins,"Cultura, Artes e Patrimônio",350,,0,0,False,An error occurred (ValidationException) when calling the InvokeModel operation: Invocation of model ID anthropic.claude-haiku-4-5-20251001-v1:0 with on-demand throughput isn’t supported. Retry your request with the ID or ARN of an inference profile that contains this model.
doc_19_16_syn_extract_middle_3073,MIDR aprova primeiro plano de trabalho para assistência humanitária em Paraty,Desenvolvimento Social,975,,0,0,False,An error occurred (ValidationException) when calling the InvokeModel operation: Invocation of model ID anthropic.claude-haiku-4-5-20251001-v1:0 with on-demand throughput isn’t supported. Retry your request with the ID or ARN of an inference profile that contains this model.
doc_13_02_syn_short_8749,Implantação de segmento na BR-020/BA chega a 76% de execução,Infraestrutura e Transportes,1965,,0,0,False,An error occurred (ValidationException) when calling the InvokeModel operation: Invocation of model ID anthropic.claude-haiku-4-5-20251001-v1:0 with on-demand throughput isn’t supported. Retry your request with the ID or ARN of an inference profile that contains this model.
doc_07_33_syn_extract_middle_5554,Circo de Tradição Familiar é reconhecido como Patrimônio Cultural do Brasil,"Cultura, Artes e Patrimônio",281,,0,0,False,An error occurred (ValidationException) when calling the InvokeModel operation: Invocation of model ID anthropic.claude-haiku-4-5-20251001-v1:0 with on-demand throughput isn’t supported. Retry your request with the ID or ARN of an inference profile that contains this model.
doc_17_44,Ministério da Saúde adota estudo sobre previsão de surtos de dengue com participação do MCTI,Saúde,2745,,0,0,False,An error occurred (ValidationException) when calling the InvokeModel operation: Invocation of model ID anthropic.claude-haiku-4-5-20251001-v1:0 with on-demand throughput isn’t supported. Retry your request with the ID or ARN of an inference profile that contains this model.
